game_id,play_number,quarter,possession,down,yards_to_go,play_type,route,pass_depth,yards_gained,result,first_down,qb_gender,target_gender,coed_rule
1,1,1,offense,1,10,pass,curl,medium,-3,sack,0,M,N,open
1,2,1,offense,2,10,pass,screen,short,6,complete,0,F,M,open
1,3,1,offense,3,4,pass,out,short,8,complete,1,F,M,open
1,4,1,offense,1,10,pass,out,short,0,INT,0,M,M,open
1,5,1,offense,1,10,pass,screen,short,-3,sack,0,M,N,open
1,6,1,offense,2,10,pass,out,short,7,complete,0,M,F,open
1,7,1,offense,3,3,pass,screen,short,2,complete,0,M,F,open
1,8,1,offense,4,1,pass,screen,short,2,complete,1,F,F,open
1,9,2,offense,1,10,pass,go,deep,0,incomplete,0,M,F,open
1,10,2,offense,2,10,pass,slant,short,9,complete,0,M,M,open
1,11,2,offense,3,1,pass,curl,medium,4,complete,1,M,F,closed
1,12,2,offense,1,10,pass,go,deep,0,incomplete,0,F,M,open
1,13,2,offense,2,10,pass,curl,medium,0,incomplete,0,M,F,open
1,14,2,offense,3,10,pass,slant,short,11,complete,1,M,M,open
1,15,2,offense,1,10,pass,slant,short,1,complete,0,M,F,closed
1,16,2,offense,2,9,pass,curl,medium,9,complete,1,F,M,open
1,17,3,offense,1,10,pass,slant,short,9,complete,0,M,F,open
1,18,3,offense,2,1,pass,out,short,0,incomplete,0,M,M,open
1,19,3,offense,3,1,pass,screen,short,0,incomplete,0,M,M,open
1,20,3,offense,4,1,pass,out,short,5,complete,1,F,F,open
1,21,3,offense,1,10,pass,go,deep,13,complete,1,M,F,open
1,22,3,offense,1,10,pass,curl,medium,7,complete,0,M,M,open
1,23,3,offense,2,3,pass,slant,short,3,complete,1,M,M,closed
1,24,3,offense,1,10,pass,go,deep,0,INT,0,F,M,closed
1,25,4,offense,1,10,pass,slant,short,4,complete,0,M,M,closed
1,26,4,offense,2,6,pass,slant,short,12,complete,1,F,F,closed
1,27,4,offense,1,10,pass,screen,short,4,complete,0,M,M,open
1,28,4,offense,2,6,pass,go,deep,0,incomplete,0,F,M,closed
1,29,4,offense,3,6,pass,go,deep,0,incomplete,0,M,F,closed
1,30,4,offense,4,6,pass,go,deep,-3,sack,0,M,N,closed
2,1,1,offense,1,10,pass,screen,short,2,complete,0,M,M,open
2,2,1,offense,2,8,pass,slant,short,10,complete,1,M,F,closed
2,3,1,offense,1,10,pass,out,short,10,complete,1,M,M,open
2,4,1,offense,1,10,pass,out,short,1,complete,0,M,M,closed
2,5,1,offense,2,9,pass,screen,short,2,complete,0,M,M,closed
2,6,1,offense,3,7,pass,screen,short,0,incomplete,0,M,M,closed
2,7,1,offense,4,7,pass,curl,medium,8,complete,1,F,F,closed
2,8,1,offense,1,10,pass,go,deep,0,incomplete,0,M,M,open
2,9,2,offense,2,10,pass,curl,medium,0,incomplete,0,M,F,open
2,10,2,offense,3,10,pass,out,short,9,complete,0,M,F,open
2,11,2,offense,4,1,pass,go,deep,10,complete,1,M,M,open
2,12,2,offense,1,10,pass,out,short,0,incomplete,0,F,M,closed
2,13,2,offense,2,10,pass,screen,short,2,complete,0,M,M,closed
2,14,2,offense,3,8,pass,slant,short,5,complete,0,M,M,closed
2,15,2,offense,4,3,pass,out,short,6,complete,1,M,M,closed
2,16,2,offense,1,10,pass,out,short,0,incomplete,0,M,F,closed
2,17,3,offense,2,10,pass,slant,short,8,complete,0,M,F,closed
2,18,3,offense,3,2,pass,screen,short,3,complete,1,M,M,open
2,19,3,offense,1,10,pass,go,deep,17,complete,1,M,M,closed
2,20,3,offense,1,10,pass,out,short,3,complete,0,M,M,closed
2,21,3,offense,2,7,pass,slant,short,5,complete,0,M,F,closed
2,22,3,offense,3,2,pass,slant,short,0,incomplete,0,M,M,open
2,23,3,offense,4,2,pass,go,deep,17,complete,1,M,M,open
2,24,3,offense,1,10,pass,go,deep,0,incomplete,0,M,F,closed
2,25,4,offense,2,10,pass,curl,medium,11,complete,1,M,M,closed
2,26,4,offense,1,10,pass,go,deep,0,INT,0,F,M,closed
2,27,4,offense,1,10,pass,out,short,8,complete,0,M,F,closed
2,28,4,offense,2,2,pass,curl,medium,1,complete,0,F,M,open
2,29,4,offense,3,1,pass,slant,short,0,incomplete,0,M,M,open
2,30,4,offense,4,1,pass,out,short,6,complete,1,M,M,open
